library,term,pvalue,zscore,combined_score,genes,adj_pvalue
DSigDB,acetohexamide PC3 UP,3.55995776488064e-20,204.83895131086143,9173.088326814886,RSAD2;OAS1;STAT1;OAS2;MX2;OAS3;MX1;IFI6;IFIT1;IFI44L;IRF9,7.867506660386213e-18
DSigDB,prenylamine HL60 UP,2.6523376653840345e-21,118.79310344827586,5628.280102326439,STAT1;MX2;MX1;IFI6;ISG15;IFIT1;IFI44L;IFIT3;CXCL10;OAS1;IRF7;XAF1;IRF9,7.815554987331622e-19
Drug_Perturbations_from_GEO_up,Interferon beta-1a DB00060 human GSE26104 sample 3187,2.5870301504663523e-45,40.21434169278997,4128.63831043577,SAMD9L;IFI6;SECTM1;UBE2L6;IFI35;IFIT1;IFI44L;IFIT3;CASP5;LAMP3;EPSTI1;FBXO6;GBP1;SERPINB9P1;GBP4;GBP5;RSAD2;SIGLEC12;STAT1;MX2;ANKRD22;STAT2;MX1;MYOF;GPBAR1;ISG15;USP30-AS1;PSMB9;ETV7;CXCL10;OAS1;OAS2;OAS3;IRF7;PSME2;SERPING1;CMPK2;TLR7;XAF1;IRF9;LY6E;IDO1,1.6091327535900712e-42
Drug_Perturbations_from_GEO_up,Interferon beta-1a DB00060 human GSE26104 sample 3188,1.867933072211388e-43,40.02862985685071,3938.2698459698154,SAMD9L;IFI6;UBE2L6;IFI35;IFIT1;IFI44L;IFIT3;TCL1A;CASP5;LAMP3;EPSTI1;FBXO6;GBP1;GBP4;GBP5;RSAD2;SIGLEC12;STAT1;MX2;ANKRD22;STAT2;MX1;MYOF;GPBAR1;ISG15;USP30-AS1;PSMB9;ETV7;CXCL10;OAS1;OAS2;OAS3;IRF7;PSME2;SERPING1;CMPK2;TLR7;XAF1;IRF9;LY6E,5.809271854577416e-41
Drug_Perturbations_from_GEO_up,Interferon beta-1b DB00068 human GSE26104 sample 3185,1.049098019380336e-38,37.12689393939394,3246.7581158333032,SAMD9L;LRRK2;FGL2;IFI6;UBE2L6;IFI35;IFIT1;IFI44L;IFIT3;CASP5;LAMP3;EPSTI1;FBXO6;GBP1;GBP4;RSAD2;STAT1;MX2;ANKRD22;STAT2;MX1;MYOF;ISG15;ETV7;CXCL10;OAS1;OAS2;OAS3;IRF7;PSME2;SERPING1;CMPK2;TLR7;XAF1;LY6E;IDO1,1.6313474201364224e-36
DSigDB,suloctidil HL60 UP,7.835784952877705e-29,50.07550077041603,3240.699460019978,RSAD2;STAT1;MX2;STAT2;MX1;IFI6;UBE2L6;ISG15;IFI35;IFIT1;IFI44L;IFIT3;PSMB9;CXCL10;OAS1;OAS2;OAS3;IRF7;CASP1;XAF1;GBP1;IRF9;LY6E,6.926833898343891e-26
Drug_Perturbations_from_GEO_up,Interferon beta-1a DB00060 human GSE26104 sample 3186,4.761795604796402e-41,34.3377308707124,3188.0991212045788,SAMD9L;IFI6;SECTM1;UBE2L6;IFI35;IFIT1;IFI44L;IFIT3;CASP5;LAMP3;EPSTI1;FBXO6;GBP1;SERPINB9P1;GBP4;GBP5;RSAD2;STAT1;MX2;ANKRD22;STAT2;MX1;MYOF;GPBAR1;ISG15;USP30-AS1;PSMB9;ETV7;CXCL10;OAS1;OAS2;OAS3;IRF7;PSME2;SERPING1;CMPK2;TLR7;XAF1;LY6E;IDO1,9.872789553944542e-39
DSigDB,chlorophyllin CTD 00000324,1.771907272572896e-14,93.62166405023548,2964.448988847377,CXCL10;OAS1;STAT1;OAS2;MX1;IFI6;ISG15;IFIT1;IFIT3,2.6106100482574e-12
Drug_Perturbations_from_GEO_up,quercetin 5280343 human GSE13899 sample 3182,2.855554481075768e-35,35.27933326070378,2806.160933746396,SAMD9L;FGL2;IFI6;SECTM1;UBE2L6;IFI35;IFIT1;IFI44L;IFIT3;FGD2;EPSTI1;CASP1;FBXO6;SMCO4;GBP1;GBP5;RSAD2;MX2;ANKRD22;STAT2;MX1;ISG15;CXCL10;OAS1;OAS2;OAS3;IRF7;PSME2;SERPING1;CMPK2;XAF1;LY6E;IDO1,2.96025814538188e-33
Drug_Perturbations_from_GEO_up,Interferon-&Icirc;&sup2;-1b (Betaferon) DB00068 human GSE26104 sample 3343,1.6444943464323946e-35,31.44776119402985,2518.7469620861634,SAMD9L;IFI6;SECTM1;UBE2L6;IFI35;IFIT1;IFI44L;IFIT3;CASP5;LAMP3;EPSTI1;FBXO6;GBP1;GBP4;RSAD2;STAT1;MX2;ANKRD22;STAT2;MX1;MYOF;ISG15;ETV7;P2RX7;CXCL10;OAS1;OAS2;OAS3;IRF7;SERPING1;CMPK2;TLR7;XAF1;IRF9;LY6E,2.045750966961899e-33
Drug_Perturbations_from_GEO_up,methotrexate DB00563 human GSE41831 sample 2601,5.516764704871338e-32,33.822719449225474,2434.387911833195,PROS1;FAXDC2;TGFB1I1;ITGB3;ITGA2B;GMPR;F13A1;ALOX12;NRGN;PTGS1;RBPMS2;SH3BGRL2;SPX;C19ORF33;WASF3;PF4V1;SNCA;PPP1R14A;HBG2;CMTM5;TPM1;SELP;GP9;TMEM158;MMRN1;DHRS9;CTTN;TCN1;COL6A3;MYL9,3.955520293392749e-29
Drug_Perturbations_from_GEO_up,ubiquinol 9962735 human GSE21351 sample 3448,2.267430665437269e-30,31.846188240554437,2173.785952526793,SAMD9L;FGL2;IFI6;UBE2L6;IFI35;GIMAP6;IFIT1;IFI44L;IFIT3;LGALS2;EPSTI1;SMCO4;GBP1;CD52;RSAD2;MX2;STAT2;MX1;ISG15;PSMB9;OAS1;OAS2;OAS3;IRF7;PSME2;SERPING1;CMPK2;XAF1;LY6E,1.5670465265577572e-28
Drug_Perturbations_from_GEO_up,Lipopolysaccharide 11970143 human GSE5504 sample 3486,2.5640650930267964e-32,28.083242678734607,2042.8067798300488,SAMD9L;LRRK2;IFI6;IFI35;GIMAP6;IFIT1;IFI44L;IFIT3;LAMP3;EPSTI1;BLNK;FBXO6;GBP1;GBP4;GBP5;RSAD2;SIGLEC12;STAT1;MX2;MX1;ISG15;USP30-AS1;PSMB9;CXCL10;OAS1;OAS2;OAS3;IRF7;PSME2;SERPING1;CMPK2;XAF1;IDO1,2.2783549826609534e-30
Drug_Perturbations_from_GEO_up,Oprelvekin DB00038 human GSE8762 sample 3297,4.642815358664008e-31,29.057588367532407,2029.5219403134931,SPARC;PROS1;FAXDC2;TGFB1I1;ITGB3;ITGA2B;F13A1;ALOX12;NRGN;PTGS1;CA2;TUBB1;RBPMS2;SH3BGRL2;C19ORF33;CLEC1B;WASF3;PF4V1;CMTM5;TPM1;TMEM40;PPBP;GNG11;TREML1;SELP;GP9;CTTN;LCN2;MYL9;PVALB;PF4,1.6644493060810467e-28
Drug_Perturbations_from_GEO_up,Lipopolysaccharide 11970143 human GSE5504 sample 3485,7.396842262065287e-32,25.50392247346562,1828.1637490420546,SAMD9L;IFI6;SECTM1;IFI35;GIMAP6;IFIT1;IFI44L;IFIT3;CASP5;LAMP3;EPSTI1;BLNK;FBXO6;GBP1;SERPINB9P1;GBP4;GBP5;RSAD2;STAT1;MX2;STAT2;MX1;ISG15;USP30-AS1;ETV7;CXCL10;OAS1;OAS2;OAS3;IRF7;CMPK2;TLR7;XAF1;IDO1,5.7510448587557604e-30
DSigDB,terfenadine HL60 UP,7.758921249234e-15,50.07131391882596,1626.8136386833048,OAS1;STAT1;MX2;MX1;IRF7;IFI6;ISG15;IFIT1;XAF1;IFIT3;IRF9,1.3717772768645714e-12
LINCS_L1000_Chem_Pert_Consensus_Sigs,KU-C103867 Down,1.1952298353306205e-24,28.37923576063446,1563.2334148402765,RSAD2;STAT1;MX2;MX1;FGL2;IFI6;ISG15;IFIT1;IFI44L;IFIT3;PSMB9;JCHAIN;CXCL10;OAS1;OAS2;POU2AF1;LAMP3;OAS3;IRF7;BLNK;CASP1;XAF1;GBP1;IDO1,1.1708471466898758e-20
Drug_Perturbations_from_GEO_up,lipopolysaccharide 11970143 human GSE40885 sample 2475,4.340020942532452e-27,25.667976056864944,1558.095386486824,SAMD9L;IFI6;UBE2L6;IFI35;IFIT1;IFI44L;IFIT3;FGD2;RASSF4;EPSTI1;GBP1;GBP4;GBP5;RSAD2;MX2;STAT2;MX1;ISG15;PSMB9;CXCL10;OAS1;OAS2;OAS3;PSME2;CMPK2;TGFBI;XAF1;IDO1,2.6994930262551854e-25
LINCS_L1000_Chem_Pert_Consensus_Sigs,NSC-119889 Up,1.1528783626248674e-21,24.77518315018315,1194.461754707585,CD52;RSAD2;MX2;MX1;IFI6;ISG15;IFI35;IFIT1;IFI44L;IFIT3;JCHAIN;CXCL10;TCL1A;OAS1;OAS2;POU2AF1;LAMP3;OAS3;XAF1;GBP1;IRF9;LY6E,5.646798220136601e-18
Drug_Perturbations_from_GEO_up,cetuximab DB00002 human GSE61495 sample 3133,4.396064223912453e-23,22.076576576576578,1136.474511091119,SAMD9L;IFI6;UBE2L6;IFI35;IFIT1;IFI44L;IFIT3;LAMP3;EPSTI1;GBP1;GBP4;RSAD2;STAT1;MX2;STAT2;MX1;ISG15;PSMB9;CXCL10;OAS1;OAS2;IRF7;XAF1;IRF9;LY6E,2.4857744975214054e-21
LINCS_L1000_Chem_Pert_Consensus_Sigs,PRT-062070 Down,2.3721372869453004e-20,23.455582675824488,1059.908770734021,RSAD2;STAT1;MX1;IFI6;UBE2L6;ISG15;IFI35;IFIT1;IFI44L;IFIT3;CXCL10;SHTN1;OAS1;OAS2;LAMP3;OAS3;IRF7;BLNK;TGFBI;XAF1;IRF9,7.506221276205384e-17
Drug_Perturbations_from_GEO_down,"1,2,4-BENZENETRIOL 10787 human GSE7664 sample 3535",1.1889855216608655e-19,23.900485436893202,1041.4879436011263,HLA-DRB5;CLEC10A;FGL2;PAX5;IFI44L;VPREB3;CXCL10;TCL1A;CASP5;RASSF4;POU2AF1;LAMP3;CD19;FAM198B;BLNK;TLR7;TGFBI;HLA-DOB;IDO1;CCR2,3.662075406715466e-17
LINCS_L1000_Chem_Pert_Consensus_Sigs,Nilutamide Up,3.065014812660426e-20,23.140696762630224,1039.749675144567,RSAD2;MX2;MX1;FGL2;IFI6;ISG15;IFIT1;IFI44L;IFIT3;JCHAIN;CXCL10;LGALS2;OAS1;OAS2;POU2AF1;LAMP3;OAS3;BLNK;GBP1;LY6E;IDO1,7.506221276205384e-17
Drug_Perturbations_from_GEO_up,Interferon beta-1b DB00068 human GSE26104 sample 3184,3.639546967680642e-21,21.316410861865407,1003.2020458285946,FCRL1;SAMD9L;RSAD2;STAT1;MX2;LRRK2;MX1;IFI6;SECTM1;ISG15;IFIT1;IFI44L;TCL1A;OAS1;OAS2;LAMP3;EPSTI1;IRF7;SERPING1;CMPK2;XAF1;GBP1;LY6E,1.886498511581133e-19
Drug_Perturbations_from_GEO_down,Interferon beta-1a DB00060 human GSE26104 sample 3188,2.3833670360854943e-19,22.997663551401867,986.1536705087519,PPP1R14A;SPARC;PROS1;CMTM5;TGFB1I1;ITGA2B;F13A1;ALOX12;PPBP;GNG11;NRGN;TREML1;TUBB1;SH3BGRL2;C19ORF33;CMTM2;CLEC1B;MYL9;PF4V1;PF4,1.706490797837214e-16
DSigDB,Cianidanol TTD 00007173,1.022429274849078e-06,69.05555555555556,952.506005361108,CA1;CA2;CA4;PTGS1,0.0002721706729648245
LINCS_L1000_Chem_Pert_Consensus_Sigs,KPT-330 Up,5.48580802716945e-19,21.959821428571427,923.3435656215051,RSAD2;MX2;MX1;MYOF;IFI6;UBE2L6;ISG15;IFI35;IFIT1;IFI44L;IFIT3;PSMB9;CXCL10;OAS1;OAS2;OAS3;IRF7;XAF1;GBP1;IRF9,1.0747795086830387e-15
LINCS_L1000_Chem_Pert_Consensus_Sigs,Irinotecan Up,6.993660738383064e-19,21.666299559471366,905.7404272099407,CD52;RSAD2;STAT1;MX2;MX1;IFI6;ISG15;IFI35;IFIT1;IFI44L;IFIT3;PSMB9;CXCL10;OAS1;OAS2;LAMP3;OAS3;IRF7;XAF1;IRF9,1.1418316765533416e-15
DSigDB,3'-Azido-3'-deoxythymidine CTD 00007047,1.897965085833672e-21,18.673352435530084,890.9710882282152,SAMD9L;SLC24A4;FGL2;IFI6;IFI35;IFIT1;IFI44L;CASP5;LAMP3;EPSTI1;GBP1;GBP4;RSAD2;STAT1;MX2;STAT2;MX1;ISG15;OAS1;OAS2;OAS3;IRF7;SERPING1;TLR7;LY6E,7.815554987331622e-19
DSigDB,Gadodiamide hydrate CTD 00002623,1.7553180872502691e-09,41.531660692951014,837.3038526964123,CXCL10;RSAD2;ANKRD22;IFIT1;IFI44L;IFIT3;IDO1,1.9396264864115473e-07
Drug_Perturbations_from_GEO_down,PLX4720 CID 24180719 human GSE50791 sample 2507,6.032598660879456e-19,19.771576524741082,829.4559701963241,STAT1;MX2;STAT2;MX1;IFI6;UBE2L6;ISG15;IFI35;IFIT1;IFI44L;IFIT3;OAS1;OAS2;OAS3;EPSTI1;IRF7;PSME2;TGFBI;XAF1;IRF9;LY6E,1.2386935917005815e-16
Drug_Perturbations_from_GEO_down,adenosine triphosphate 5957 human GSE30903 sample 3219,7.697115732507539e-20,18.393612676631545,809.5186421673822,CD52;SAMD9L;HLA-DRB5;RSAD2;STAT1;MX2;MX1;IFI6;UBE2L6;ISG15;IFI35;IFIT1;IFI44L;IFIT3;CXCL10;OAS1;OAS3;EPSTI1;IRF7;CMPK2;FBXO6;XAF1;LY6E,3.662075406715466e-17
LINCS_L1000_Chem_Pert_Consensus_Sigs,Elvitegravir Down,1.1000245765575436e-17,20.604276895943563,804.568456474862,CD52;RSAD2;MX2;MX1;FGL2;IFI6;ISG15;IFI35;IFIT1;IFI44L;IFIT3;CXCL10;OAS1;OAS3;IRF7;BLNK;XAF1;IRF9;LY6E,1.2570095329151705e-14
LINCS_L1000_Chem_Pert_Consensus_Sigs,Tonabersat Down,1.1882859402309551e-17,20.511659807956104,799.3688107633935,RSAD2;MX1;IFI6;ISG15;PAX5;IFIT1;IFI44L;IFIT3;JCHAIN;VPREB3;CXCL10;FCHSD2;POU2AF1;LAMP3;OAS3;BLNK;TGFBI;IRF9;LY6E,1.2570095329151705e-14
LINCS_L1000_Chem_Pert_Consensus_Sigs,Genz-644282 Up,1.2831865382964175e-17,20.419862340216323,794.2223800965102,CD52;STAT1;MX2;MX1;IFI6;ISG15;IFI35;IFIT1;IFI44L;IFIT3;PSMB9;OAS1;OAS2;LAMP3;OAS3;IRF7;BLNK;PSME2;IRF9,1.2570095329151705e-14
LINCS_L1000_Chem_Pert_Consensus_Sigs,SPP-301 Up,1.2831865382964175e-17,20.419862340216323,794.2223800965102,RSAD2;MX2;MX1;IFI6;UBE2L6;ISG15;IFI35;PAX5;IFIT1;IFI44L;IFIT3;JCHAIN;CXCL10;OAS1;OAS2;POU2AF1;OAS3;IRF7;LY6E,1.2570095329151705e-14
Drug_Perturbations_from_GEO_up,"1,2,4-BENZENETRIOL 10787 human GSE7664 sample 3535",3.498694371987311e-20,17.639097744360903,790.2194432050113,SPARC;PROS1;FAXDC2;TGFB1I1;ITGA2B;GMPR;F13A1;ALOX12;PPBP;OLFM4;TFPI;GNG11;F3;NRGN;SELP;TMEM158;DHRS9;CTTN;CCL7;TUBB1;CLEC1B;MYL9;WASF3;PF4V1,8.361879549049673e-18
LINCS_L1000_Chem_Pert_Consensus_Sigs,Cytarabine Up,1.612540001766937e-17,20.149280284651464,779.0948118735096,CD52;RSAD2;MX1;IFI6;ISG15;IFI35;IFIT1;IFI44L;IFIT3;PSMB9;JCHAIN;CXCL10;FAM111A;OAS1;OAS2;OAS3;TGFBI;GBP1;IRF9,1.436040168846265e-14
Drug_Perturbations_from_GEO_down,Arachidonic acid DB04557 human GSE3737 sample 3171,2.452898112848175e-16,21.475519097667267,771.9180182857496,RSAD2;STAT1;MX2;MX1;IFI6;UBE2L6;ISG15;IFI35;IFIT1;IFI44L;IFIT3;OAS1;OAS2;LAMP3;OAS3;IRF7;IRF9,1.984371456127642e-14
Drug_Perturbations_from_GEO_up,IFN-alphacon1 DB05258 human GSE5542 sample 2473,2.0234864372799787e-19,17.55161655161655,755.4969567866748,RSAD2;STAT1;MX2;MX1;IFI6;UBE2L6;ISG15;IFI35;IFIT1;IFIT3;PSMB9;FAM111A;OAS1;OAS2;LAMP3;OAS3;IRF7;PSME2;TGFBI;XAF1;GBP1;IRF9;LY6E,9.68160433837036e-18
DSigDB,prochlorperazine MCF7 UP,4.582416898182106e-10,34.52173913043478,742.3425106520441,OAS1;STAT1;OAS3;IRF7;IFI6;ISG15;IFIT1;IRF9,5.786937911418546e-08
Drug_Perturbations_from_GEO_up,Lipopolysaccharide 11970143 human GSE3140 sample 3594,9.555782102702858e-19,17.65028262472352,732.3450031546138,STAT1;MX2;MX1;IFI6;CACNA1A;UBE2L6;ISG15;IFIT1;IFI44L;IFIT3;P2RX7;CXCL10;OAS1;CASP5;OAS2;LAMP3;OAS3;IRF7;XAF1;GBP1;LY6E;IDO1,3.9624643119207856e-17
DSigDB,58-64-0 CTD 00005321,2.5339153987861843e-07,45.48512585812357,690.8430996254966,SELP;ITGB3;ITGA2B;PPBP;PF4,0.00016863206978922057
LINCS_L1000_Chem_Pert_Consensus_Sigs,Avagacestat Up,2.4054097319285997e-16,19.109216490394992,687.2370060880785,RSAD2;MX1;MYOF;ISG15;IFI35;IFIT1;IFI44L;IFIT3;JCHAIN;CXCL10;OAS1;OAS2;OAS3;BLNK;GBP1;LY6E;IDO1;CCR2,1.6534509986964812e-13
LINCS_L1000_Chem_Pert_Consensus_Sigs,JAS07-002 Up,2.4054097319285997e-16,19.109216490394992,687.2370060880785,CD52;RSAD2;MX1;IFI6;ISG15;PAX5;IFIT1;IFI44L;IFIT3;JCHAIN;TCL1A;OAS1;CD19;IRF7;BLNK;XAF1;GBP1;LY6E,1.6534509986964812e-13
LINCS_L1000_Chem_Pert_Consensus_Sigs,Epirubicin Up,2.779203386475949e-16,18.93966623876765,678.4036390164156,CD52;RSAD2;STAT1;MX1;IFI6;ISG15;IFI35;IFIT1;IFI44L;PSMB9;CXCL10;OAS1;OAS2;LAMP3;OAS3;BLNK;GBP1;IDO1,1.6534509986964812e-13
LINCS_L1000_Chem_Pert_Consensus_Sigs,LDN-57444 Up,2.779203386475949e-16,18.93966623876765,678.4036390164156,CD52;RSAD2;MX2;MX1;IFI6;ISG15;IFI35;IFIT1;IFI44L;IFIT3;OAS1;OAS2;OAS3;IRF7;BLNK;XAF1;IRF9;CCR2,1.6534509986964812e-13
LINCS_L1000_Chem_Pert_Consensus_Sigs,Masitinib Down,2.779203386475949e-16,18.93966623876765,678.4036390164156,RSAD2;STAT1;MX2;MX1;MYOF;IFI6;ISG15;IFI35;GIMAP6;IFIT1;IFI44L;IFIT3;JCHAIN;CXCL10;SERPING1;GBP1;IRF9;IDO1,1.6534509986964812e-13
Drug_Perturbations_from_GEO_down,alfacalcidol 5282181 human GSE15947 sample 3364,8.42992216958335e-18,17.192505326482014,675.9189479412229,STAT1;MX1;IFI6;UBE2L6;ISG15;IFI35;IFIT1;IFI44L;IFIT3;PSMB9;OAS1;OAS2;LAMP3;OAS3;EPSTI1;IRF7;CASP1;CMPK2;SMCO4;XAF1;IRF9,1.298208014115836e-15
LINCS_L1000_Chem_Pert_Consensus_Sigs,Glycidol Up,3.2069792747277606e-16,18.77306468716861,669.7484570755347,RSAD2;STAT1;MX2;MX1;IFI6;ISG15;IFIT1;IFI44L;IFIT3;JCHAIN;TCL1A;TPPP3;OAS1;POU2AF1;OAS3;BLNK;GBP1;LY6E,1.6534509986964812e-13
LINCS_L1000_Chem_Pert_Consensus_Sigs,Met-Enkephalin Down,3.2069792747277606e-16,18.77306468716861,669.7484570755347,RSAD2;STAT1;MX2;MX1;IFI6;UBE2L6;ISG15;IFI35;IFIT1;IFI44L;IFIT3;PSMB9;CXCL10;OAS1;OAS3;CASP1;GBP1;IRF9,1.6534509986964812e-13
LINCS_L1000_Chem_Pert_Consensus_Sigs,Aphidicolin Up,3.2069792747277606e-16,18.77306468716861,669.7484570755347,RSAD2;MX2;MX1;IFI6;ISG15;IFI35;IFIT1;IFI44L;IFIT3;PSMB9;JCHAIN;FAM111A;OAS1;OAS2;OAS3;IRF7;XAF1;IRF9,1.6534509986964812e-13
Drug_Perturbations_from_GEO_up,Lipopolysaccharide 11970143 human GSE5504 sample 3484,4.649173547754195e-19,15.633983435746726,659.9483891087768,GBP5;SAMD9L;RSAD2;MX2;MX1;ISG15;IFI35;IFIT1;IFI44L;IFIT3;CXCL10;OAS1;CASP5;OAS2;LAMP3;OAS3;EPSTI1;IRF7;CMPK2;TLR7;XAF1;GBP1;GBP4;IDO1,2.065561390502221e-17
Drug_Perturbations_from_GEO_up,Lipopolysaccharide 11970143 human GSE3140 sample 3595,1.2261541691091303e-17,16.853508664126828,656.2767060327773,STAT1;MX2;MX1;IFI6;UBE2L6;ISG15;IFIT1;IFI44L;IFIT3;OAS1;CASP5;OAS2;LAMP3;OAS3;IRF7;XAF1;GBP1;IRF9;LY6E;IDO1;SIGLEC5,4.766674332411744e-16
DSigDB,mefloquine HL60 UP,3.049719828171407e-07,43.58771929824562,653.9485543615966,CXCL10;STAT1;MX1;ISG15;IFIT1,2.2466269400862697e-05
Drug_Perturbations_from_GEO_down,Cigarette Smoke 57288536 human GSE8823 sample 2478,5.707979654850873e-17,16.964532871972317,634.5088401642772,GBP5;HLA-DRB5;STAT1;MX1;MYOF;UBE2L6;ISG15;IFIT1;IFIT3;PSMB9;CXCL10;SLAMF8;EPSTI1;PSME2;SERPING1;CMPK2;FBXO6;TGFBI;SMCO4;GBP1,5.8601924456468965e-15
Drug_Perturbations_from_GEO_down,curcumin 969516 human GSE10896 sample 3406,1.2919702446713637e-13,20.73743435858965,615.4339190192474,CD52;STAT1;MX2;IFI6;UBE2L6;ISG15;IFI35;IFIT1;IFIT3;CXCL10;OAS1;PSME2;CMPK2;LY6E,6.121951313212e-12
DSigDB,Gallic acid TTD 00008156,3.2983007697773018e-06,48.7328431372549,615.1109724012736,SELP;CA1;CA2;CA4,0.0003736000018899772
DSigDB,acetaminophen,3.2983007697773018e-06,48.7328431372549,615.1109724012736,CA1;CA2;CA4;PTGS1,0.0003736000018899772
LINCS_L1000_Chem_Pert_Consensus_Sigs,ACY-1215 Down,3.216364589606151e-15,18.155106914143058,605.8454433937385,RSAD2;MX2;MX1;ISG15;IFI35;IFIT1;IFI44L;IFIT3;CXCL10;OAS1;OAS2;LAMP3;OAS3;IRF7;XAF1;LY6E;IDO1,1.3761859682356016e-12
Drug_Perturbations_from_GEO_down,"1,25 dihydroxyvitamin D 5280453 human GSE15947 sample 2493",1.5275780148988692e-15,17.04646678877856,581.5417982960877,STAT1;MX1;IFI6;UBE2L6;ISG15;IFI35;IFIT1;IFI44L;IFIT3;PSMB9;OAS1;OAS2;LAMP3;EPSTI1;IRF7;CASP1;CMPK2;IRF9,1.0455422857530038e-13
DSigDB,triprolidine PC3 UP,4.015814340350795e-06,46.023148148148145,571.8500607054012,OAS3;MX1;IFI6;IFIT1,0.0002535699912050073
Drug_Perturbations_from_GEO_down,alfacalcidol 5282181 human GSE15947 sample 3363,2.5771057871787556e-16,15.593949044585987,559.7400371062995,STAT1;STAT2;MX1;IFI6;UBE2L6;ISG15;IFI35;IFIT1;IFI44L;PSMB9;OAS1;OAS2;LAMP3;OAS3;EPSTI1;IRF7;CASP1;CMPK2;IRF9;LY6E,1.984371456127642e-14
Drug_Perturbations_from_GEO_up,type II IFN (IFN-gamma1b) DB00033 human GSE5542 sample 2477,2.5416910611629284e-15,16.517241379310345,555.0775344696262,STAT1;MX1;SECTM1;UBE2L6;ISG15;IFI35;IFIT3;PSMB9;FAM111A;OAS1;OAS2;OAS3;PSME2;SERPING1;XAF1;GBP1;IRF9;IDO1,8.320693894964955e-14
Drug_Perturbations_from_GEO_down,Interferon beta-1a DB00060 human GSE26104 sample 3186,3.3391355832265796e-13,19.23562177969642,552.5989081825346,PPP1R14A;SPARC;F13A1;PPBP;GNG11;NRGN;TREML1;TUBB1;SH3BGRL2;CMTM2;CLEC1B;MYL9;PF4V1;PF4,1.1954105387951154e-10
Drug_Perturbations_from_GEO_up,IFN-alphacon1 DB05258 human GSE5542 sample 2474,1.2118292739774173e-15,15.642647182329721,537.2724555796992,STAT1;MX2;MX1;IFI6;UBE2L6;ISG15;IFI35;IFIT1;IFI44L;IFIT3;PSMB9;OAS1;OAS2;OAS3;IRF7;PSME2;TGFBI;IRF9;LY6E,4.43386946125855e-14
Drug_Perturbations_from_GEO_down,nitric oxide 145068 human GSE13887 sample 3181,2.4524100555883635e-17,13.88782816229117,531.166032517816,GBP5;CD52;SAMD9L;RSAD2;STAT1;MX2;MX1;UBE2L6;ISG15;IFI35;GIMAP6;IFIT1;HAPLN3;IFI44L;IFIT3;PSMB9;LAMP3;EPSTI1;PSME2;CMPK2;XAF1;GBP1;GBP4,3.021369188484864e-15
Drug_Perturbations_from_GEO_down,methotrexate DB00563 human GSE41831 sample 2601,1.9244122772206174e-15,15.222058703294906,515.7866084605457,GBP5;RSAD2;IFI6;ISG15;IFI35;IFIT1;IFI44L;IFIT3;CXCL10;TCL1A;OAS3;EPSTI1;UTS2;CMPK2;FBXO6;XAF1;GBP1;SERPINB9P1;IDO1,1.1854379627679003e-13
Drug_Perturbations_from_GEO_up,PRISTANE 15979 mouse GSE17297 sample 3230,2.4136295832187195e-15,15.02001129669975,505.5382040534561,CD52;SAMD9L;RSAD2;STAT1;ISG15;IFI35;IFIT1;IFIT3;PSMB9;CXCL10;OAS2;OAS3;IRF7;PSME2;SERPING1;IGLC2;XAF1;IRF9;LY6E,8.320693894964955e-14
DSigDB,zonisamide,5.788898332949143e-06,41.416666666666664,499.4671309916732,CA1;MAOB;CA2;CA4,0.0004055275621660689
Drug_Perturbations_from_GEO_down,adenosine triphosphate 5957 human GSE30903 sample 3221,3.0179955527113273e-15,14.823178016726404,495.60085398526695,RSAD2;STAT1;MX2;MX1;FGL2;MYOF;IFI6;UBE2L6;ISG15;IFIT1;IFI44L;IFIT3;CXCL10;LGALS2;OAS1;EPSTI1;PSME2;CMPK2;LY6E,1.6900775095183434e-13
Drug_Perturbations_from_GEO_down,Interferon beta-1a DB00060 human GSE26104 sample 3187,1.968736563336789e-12,16.709786821705425,450.3893966219269,PPP1R14A;SPARC;F13A1;PPBP;GNG11;NRGN;TREML1;TUBB1;SH3BGRL2;CMTM2;CLEC1B;MYL9;PF4V1;PF4,4.698717931163803e-10
DSigDB,thioridazine HL60 UP,3.46734926038044e-08,25.74972191323693,442.3104495763719,P2RX7;CXCL10;MX1;ISG15;IFIT1;IFIT3;IRF9,3.0651367461763093e-06
LINCS_L1000_Chem_Pert_Consensus_Sigs,Hydroxytoluic-Acid Down,1.543458162228714e-12,14.960446247464503,406.87919162080567,SERPINE2;CAVIN2;ITGB3;ITGA2B;FHL2;PPBP;GNG11;MMP9;NRGN;SELP;CA2;LCN2;MYL9;PF4;SNCA,8.59101435869496e-09
LINCS_L1000_Chem_Pert_Consensus_Sigs,PETCM Up,1.6362278561460737e-12,14.895480939156778,404.2429102956138,SPARC;SERPINE2;TPM1;OLFM4;MMP8;PDZK1IP1;GNG11;MMP9;TCN1;CA2;LCN2;BPI;PLTP;SNCA;LTF,8.59101435869496e-09
Drug_Perturbations_from_GEO_down,imatinib DB00619 human GSE28698 sample 2524,3.2379717607965643e-14,12.877514218338188,399.99161341122874,RSAD2;STAT1;MX1;FGL2;ISG15;IFI35;IFIT1;IFI44L;IFIT3;PSMB9;CXCL10;OAS1;IRF7;PSME2;CMPK2;TGFBI;XAF1;GBP1;IDO1,1.662158837208903e-12
DSigDB,propofol MCF7 UP,2.855683560400491e-07,26.398936170212767,397.7998778233708,OAS1;OAS3;IFI6;ISG15;IFIT1;IRF9,2.2466269400862697e-05
Drug_Perturbations_from_GEO_up,Etanercept DB00005 human GSE36177 sample 2596,3.563326502048198e-14,12.80426236292158,396.49034500331754,ALAS2;HBG2;CMTM5;ITGA2B;CTDSPL;GMPR;ALOX12;PDZK1IP1;GNG11;NRGN;SAMD14;CA1;HBM;LCN2;RBPMS2;SH3BGRL2;C19ORF33;MYL9;SNCA,6.387262754921395e-12
Drug_Perturbations_from_GEO_up,soman 7305 rat GSE13428 sample 2633,4.333106267614446e-15,11.460251046025105,379.0190579121193,SAMD9L;RSAD2;MX2;MX1;FGL2;UBE2L6;ISG15;IFI35;IFI44L;IFIT3;PSMB9;FGD2;CXCL10;FAM111A;RASSF4;EPSTI1;IRF7;BLNK;CASP1;SERPING1;TLR7;GBP4,1.3475960492280928e-13
LINCS_L1000_Chem_Pert_Consensus_Sigs,Meprylcaine Up,2.1644509987835025e-11,13.800721732157177,338.8942390286775,SPARC;ITGA2B;TPM1;CYP4F3;CTDSPL;PPBP;PDZK1IP1;F3;TCN1;CA2;LCN2;BPI;PF4;LTF,3.4281746549319316e-08
LINCS_L1000_Chem_Pert_Consensus_Sigs,Venlafaxine Up,2.1644509987835025e-11,13.800721732157177,338.8942390286775,ALAS2;HBB;PPBP;OLFM4;PDZK1IP1;MMP9;DHRS9;CTTN;TCN1;CA2;LCN2;BPI;PF4;SNCA,3.4281746549319316e-08
LINCS_L1000_Chem_Pert_Consensus_Sigs,Nateglinide Down,2.1644509987835025e-11,13.800721732157177,338.8942390286775,ITGB3;CYP4F3;PPBP;OLFM4;TFPI;MMP8;PDZK1IP1;GNG11;MMP9;F3;BPI;PGLYRP1;PF4;LTF,3.4281746549319316e-08
LINCS_L1000_Chem_Pert_Consensus_Sigs,K-02288 Down,2.2852321287994976e-11,13.740792494260905,336.6764637004087,SPARC;TPM2;TGFB1I1;ITGB3;TPM1;FHL2;HBB;MMP9;F3;TMEM158;CA2;MALL;LCN2;COL6A3,3.4281746549319316e-08
LINCS_L1000_Chem_Pert_Consensus_Sigs,Met-Enkephalin Up,2.2852321287994976e-11,13.740792494260905,336.6764637004087,VWF;TGFB1I1;TPM1;FHL2;F13A1;TFPI;MMP9;NRGN;MMRN1;DHRS9;TCN1;CA2;LCN2;WASF3,3.4281746549319316e-08
Drug_Perturbations_from_GEO_down,LMP-420 497668 human GSE20211 sample 3222,8.43170870353948e-12,13.176246924625364,335.98140587703296,FCRL2;SIGLEC12;LRRK2;CACNA1A;FAM129C;VPREB3;FCRLA;P2RX7;FCER2;OAS1;CD19;IGHD;TLR7;HLA-DOB;SERPINB9P1,3.46262170758688e-10
Drug_Perturbations_from_GEO_down,resveratrol DB02709 human GSE36930 sample 3498,2.832804674089396e-11,13.506132862329506,328.0257280025941,ALAS2;SPARC;ITGB3;GMPR;HBB;F13A1;PPBP;NRGN;PTGS1;TREML1;CA1;TUBB1;SH3BGRL2;SNCA,5.070720366620019e-09
Drug_Perturbations_from_GEO_down,progesterone 5994 rat GSE8238 sample 3526,7.85005917183025e-10,15.542331639590639,325.8501096231552,CXCL10;RSAD2;MX2;MX1;IRF7;PSME2;SERPING1;UBE2L6;ISG15;PSMB9;LY6E,2.6864646943596856e-08
Drug_Perturbations_from_GEO_down,adenosine triphosphate 5957 human GSE30903 sample 3220,1.963582368016416e-12,11.889850201994923,320.50578131071114,CD52;RSAD2;STAT1;MX1;FGL2;UBE2L6;ISG15;IFIT1;IFI44L;IFIT3;PSMB9;CXCL10;OAS1;PSME2;CMPK2;XAF1;GBP1,8.639762419272231e-11
DSigDB,etoposide HL60 UP,3.3263612616736568e-09,16.02838605028386,312.89632458239976,OAS1;STAT1;MX2;MX1;IFI6;IRF7;CASP1;ISG15;IFIT1;IRF9,3.267225950355014e-07
DSigDB,POLY I-C CTD 00006579,2.4314384792332622e-05,27.59722222222222,293.2050983415092,OAS1;OAS2;MX1;TLR7,0.0012643480092012964
DSigDB,clioquinol PC3 UP,4.524523491583302e-06,23.751196172248804,292.28217953066644,OAS1;MX1;IFIT1;IFIT3;IRF9,0.0002666452511039759
LINCS_L1000_Chem_Pert_Consensus_Sigs,FGFR3 GALANIN Down,2.296626373760356e-10,12.892518652954225,286.14184076257663,MAOB;TGFB1I1;ITGB3;GMPR;F13A1;OLFM4;MMP8;PCSK6;NRGN;TMEM158;CALD1;CA2;CD177,1.503168245058058e-07
LINCS_L1000_Chem_Pert_Consensus_Sigs,Telotristat Up,2.543384150732636e-10,12.779110444777611,282.32064955093,SPARC;TPM2;TGFB1I1;CYP4F3;HBB;OLFM4;MMP8;PDZK1IP1;NRGN;DHRS9;LCN2;COL6A3;LTF,1.503168245058058e-07
LINCS_L1000_Chem_Pert_Consensus_Sigs,SGI-1776 Down,2.6756012307727165e-10,12.723142757625515,280.4394007433371,SERPINE2;MAOB;VWF;TPM1;HBB;OLFM4;MMP9;F3;TMEM158;CA2;MALL;LCN2;LTF,1.503168245058058e-07
LINCS_L1000_Chem_Pert_Consensus_Sigs,SA-1938421 Down,2.6756012307727165e-10,12.723142757625515,280.4394007433371,GMPR;HBB;PPBP;OLFM4;MMP8;MMP9;F3;TMEM158;LCN2;BPI;PGLYRP1;PF4;LTF,1.503168245058058e-07
LINCS_L1000_Chem_Pert_Consensus_Sigs,3-CPMT Down,2.6756012307727165e-10,12.723142757625515,280.4394007433371,ALAS2;SERPINE2;VWF;GMPR;HBB;PPBP;TFPI;GNG11;NRGN;SELP;LCN2;PF4;SNCA,1.503168245058058e-07
LINCS_L1000_Chem_Pert_Consensus_Sigs,Nilutamide Down,2.814044900812097e-10,12.667657550535077,278.57734561168326,HBB;F13A1;OLFM4;MMP8;PDZK1IP1;MMP9;F3;TCN1;CA2;LCN2;BPI;PLTP;LTF,1.503168245058058e-07
LINCS_L1000_Chem_Pert_Consensus_Sigs,Ampyrone Down,2.814044900812097e-10,12.667657550535077,278.57734561168326,SERPINE2;MAOB;TPM2;CTDSPL;OLFM4;MMP9;TCN1;CA2;LCN2;BPI;PLTP;PVALB;LTF,1.503168245058058e-07
LINCS_L1000_Chem_Pert_Consensus_Sigs,Sofalcone Up,2.814044900812097e-10,12.667657550535077,278.57734561168326,VWF;ITGB3;CYP4F3;OLFM4;MMP8;PDZK1IP1;MMP9;TCN1;LCN2;BPI;CD177;SNCA;LTF,1.503168245058058e-07
LINCS_L1000_Chem_Pert_Consensus_Sigs,Penitrem-A Down,2.9589777627303277e-10,12.61264861131666,276.73421237352164,ALAS2;SPARC;VWF;CAVIN2;HBB;PPBP;OLFM4;F3;NRGN;CA2;PF4;SNCA;LTF,1.503168245058058e-07
LINCS_L1000_Chem_Pert_Consensus_Sigs,Amitifadine Up,2.9589777627303277e-10,12.61264861131666,276.73421237352164,ALAS2;VWF;TPM2;WFDC1;OLFM4;TFPI;F3;DHRS9;TCN1;MALL;LCN2;BPI;LTF,1.503168245058058e-07
LINCS_L1000_Chem_Pert_Consensus_Sigs,Cyclohexylaminehcl Up,3.1106721869922143e-10,12.558109833971903,274.90973420060413,GUCY1B1;TGFB1I1;HBB;F13A1;PPBP;TFPI;GNG11;CA4;MYL9;PVALB;WASF3;PF4;LTF,1.503168245058058e-07
LINCS_L1000_Chem_Pert_Consensus_Sigs,TCPOBOP Up,3.1106721869922143e-10,12.558109833971903,274.90973420060413,SPARC;SERPINE2;VWF;TGFB1I1;ITGB3;WFDC1;GMPR;PPBP;TMEM158;TCN1;CALD1;CA2;PF4,1.503168245058058e-07
LINCS_L1000_Chem_Pert_Consensus_Sigs,Olanzapine Down,3.1106721869922143e-10,12.558109833971903,274.90973420060413,OLFM4;TFPI;MMP8;PDZK1IP1;GNG11;TMEM158;DHRS9;TCN1;LCN2;COL6A3;BPI;RAB6B;LTF,1.503168245058058e-07
Drug_Perturbations_from_GEO_up,methotrexate DB00563 human GSE23687 sample 2541,2.414457207265268e-11,10.99086950414384,268.69336383901845,SPARC;HBG2;CMTM5;ALOX12;PPBP;PDZK1IP1;GNG11;NRGN;TMEM158;TUBB1;RBPMS2;C19ORF33;MYL9;LY6G6F;PF4V1;PF4,3.4623316352183946e-09
Drug_Perturbations_from_GEO_down,Oprelvekin DB00038 human GSE8762 sample 3297,7.722739312494441e-10,11.603789014583617,243.4670087274757,GBP5;RSAD2;ANKRD22;SECTM1;ISG15;IFIT3;CXCL10;POU2AF1;BLNK;SERPING1;CMPK2;TLR7;SMCO4,2.6864646943596856e-08
DSigDB,TITANIUM BOSS,6.913932430702262e-07,16.030639380275176,227.38751935575357,SPARC;MAOB;VWF;MMP8;MMP9;F3;PTGS1,0.00023006110163161777
Drug_Perturbations_from_GEO_down,curcumin 969516 human GSE10896 sample 3407,1.0370917403774848e-09,10.088901972328525,208.70755580644325,RSAD2;STAT1;MX2;IFIT1;IFI44L;IFIT3;PSMB9;OAS1;OAS3;SLAMF8;PSME2;CMPK2;GBP1;LY6E,3.194242560362653e-08
Drug_Perturbations_from_GEO_up,methotrexate DB00563 human GSE41831 sample 2600,1.0370917403774848e-09,10.088901972328525,208.70755580644325,HBG2;ALOX12;PPBP;PDZK1IP1;GNG11;MMP9;NRGN;PTGS1;GJB6;TUBB1;CA4;MYL9;PF4V1;PF4,1.2393246297510942e-07
Drug_Perturbations_from_GEO_down,sunitinib 5329102 rat GSE6929 sample 2491,2.3437551691823355e-10,9.333333333333334,206.95823412775943,FCRL2;CIITA;RSAD2;CLEC10A;MX1;MYOF;ISG15;IFIT3;FCRLA;FAM111A;FAM198B;IRF7;BLNK;TLR7;GBP4;SIGLEC5,9.023457401351991e-09
Drug_Perturbations_from_GEO_down,Lipopolysaccharide 11970143 human GSE3140 sample 3595,1.0507863271487946e-08,10.381606765327696,190.72197183581096,SPARC;ITGA2B;TUBB1;F13A1;ALOX12;MYL9;GNG11;RHCE;PF4V1;PF4;NRGN;PTGS1,1.2539383503975614e-06
Drug_Perturbations_from_GEO_down,fenretinide DB05076 human GSE17480 sample 2529,2.214854234498055e-09,9.478682170542635,188.89192942295836,SPARC;PROS1;CMTM5;WFDC1;ALOX12;PPBP;GNG11;GP9;TMEM158;MMRN1;TCN1;ESAM;PLTP;PRTFDC1,3.171671263801214e-07
DSigDB,Inosinic acid BOSS,8.17122681204673e-05,19.700396825396826,185.42617125575262,CXCL10;HLA-DRB5;IRF7;TLR7,0.004012980278805172
DSigDB,acetaldehyde BOSS,1.9989465078402913e-06,13.541544477028348,177.70420215360522,SPARC;MAOB;HBB;F3;PVALB;RGS6;PTGS1,0.000352112896339482
DSigDB,Ethylene dimethacrylate BOSS,2.1163810448654064e-06,13.418870483386613,175.32831798048198,SPARC;MMRN1;VWF;HBB;MMP9;PVALB;LTF,0.000352112896339482
Drug_Perturbations_from_GEO_down,Curcumin CID 969516 human GSE10896 sample 3259,1.0171402194958824e-09,8.385261797026503,173.6275019490299,CD52;RSAD2;STAT1;MX2;IFI6;UBE2L6;ISG15;IFI35;IFIT1;IFIT3;CXCL10;OAS1;IRF7;PSME2;CMPK2;LY6E,3.194242560362653e-08
DSigDB,benzene CTD 00005481,1.8298887720629853e-10,7.597481150053857,170.3476510284958,SPARC;ITGA2B;CYP4F3;TMEM40;HBB;F13A1;ALOX12;PPBP;TFPI;PDZK1IP1;GNG11;MMP9;F3;GP9;DHRS9;CTTN;SH3BGRL2;WASF3;PF4,2.4355819556158333e-07
DSigDB,Hydrogen BOSS,4.1208729677310573e-07,10.958019508581307,161.10513840089155,MAOB;DHRS9;HBB;MMP8;MMP9;F3;RHCE;PVALB;PTGS1,0.00018282939733500124
Drug_Perturbations_from_GEO_down,Lipopolysaccharide 11970143 human GSE3140 sample 3594,8.979735660817158e-08,9.559674422719631,155.1125077310876,SPARC;ITGA2B;TUBB1;TPM1;F13A1;MYL9;GNG11;PF4;SNCA;NRGN;PTGS1,9.184986761635835e-06
DSigDB,Agarose BOSS,4.698105582740986e-06,11.812425328554362,144.91898243089938,SPARC;MMRN1;VWF;HBB;MMP9;F3;LTF,0.0003736000018899772
DSigDB,ACRYLAMIDE BOSS,4.698105582740986e-06,11.812425328554362,144.91898243089938,TPM1;HBB;MMP9;F3;PVALB;RGS6;LTF,0.0003736000018899772
DSigDB,arachidonic acid CTD 00007139,2.0249463061942966e-06,10.728260869565217,140.64714997135977,SELP;SPARC;ITGB3;ITGA2B;CTDSPL;ALOX12;MMP9;PTGS1,0.000352112896339482
Drug_Perturbations_from_GEO_down,SODIUM ARSENITE 443495 mouse GSE11056 sample 3356,1.8693293934660425e-07,8.852866398753383,137.153173421384,TUBB1;TMEM40;F13A1;ALOX12;PPBP;MMP8;CLEC1B;MMP9;PF4;CD177;LTF,1.673049807152108e-05
Drug_Perturbations_from_GEO_up,Atorvastatin DB01076 human GSE11393 sample 3196,2.82347745705694e-07,8.476231633535004,127.82264430140886,ALAS2;HBG2;TCN1;TUBB1;CYP4F3;LCN2;BPI;MMP8;PGLYRP1;F3;SNCA,2.8920476238711804e-05
DSigDB,hemin BOSS,3.528746258152227e-06,9.915556672530787,124.4855296877684,HBG2;HBB;MMP9;F3;PVALB;RGS6;LTF;PTGS1,0.0003736000018899772
DSigDB,COPPER BOSS,3.9859374642164506e-06,9.745059288537549,121.15776917397736,SPARC;HBG2;MAOB;HBB;MMP9;F3;PVALB;PTGS1,0.0003736000018899772
DSigDB,IRON BOSS,4.149084007602205e-06,9.689511176615083,120.07845876709617,HBG2;MAOB;LCN2;HBB;MMP9;F3;PVALB;LTF,0.0003736000018899772
DSigDB,methanol BOSS,4.317859229209183e-06,9.634587200781631,119.01365501541238,MAOB;DHRS9;HBB;MMP9;F3;PVALB;RGS6;PTGS1,0.0003736000018899772
Drug_Perturbations_from_GEO_up,atorvastatin DB01076 human GSE11393 sample 3401,4.4623558060508345e-07,8.074906367041198,118.0746628048706,ALAS2;SERPINE2;HBG2;GMPR;ALOX12;OLFM4;TFPI;PDZK1IP1;PGLYRP1;MYL9;SNCA,3.999386391173061e-05
DSigDB,GLYCOPROTEIN BOSS,4.859546034356271e-06,9.473456641844823,115.90362610852726,SPARC;VWF;LCN2;HBB;MMP9;F3;CD177;LTF,0.0003736000018899772
DSigDB,D-Norepinephrine d-bitartrate BOSS,5.052441798662351e-06,9.42092689918777,114.89422263220553,MAOB;VWF;LCN2;HBB;MMP9;F3;PVALB;PTGS1,0.0003736000018899772
DSigDB,hydrocortisone BOSS,6.842845633953547e-06,9.020594965675057,107.27568361249183,MAOB;VWF;HBB;MMP9;F3;PVALB;LTF;PTGS1,0.0004553913769396085
Drug_Perturbations_from_GEO_up,PLX4720 24180719 human GSE34299 sample 3243,2.939986532640526e-06,7.409674981103553,94.37781238003572,TMEM158;SERPINE2;MAOB;DHRS9;TCN1;MALL;FHL2;RBPMS2;C19ORF33;F3,0.00019163366762756884
Drug_Perturbations_from_GEO_up,doxorubicin DB00997 human GSE24460 sample 2533,2.939986532640526e-06,7.409674981103553,94.37781238003572,SPARC;SERPINE2;TPM2;TGFB1I1;FHL2;MYL9;GNG11;PLTP;F3;NRGN,0.00019163366762756884
Drug_Perturbations_from_GEO_up,quercetin DB04216 mouse GSE4262 sample 3427,1.8697407268582773e-06,6.923827307556099,91.32327971506102,PPP1R14A;SPARC;CALD1;TPM2;PROS1;TGFB1I1;TPM1;RBPMS2;COL6A3;MYL9;PTGS1,0.00014895601123970944
Drug_Perturbations_from_GEO_down,resveratrol DB02709 human GSE36930 sample 3497,4.030608923176562e-06,7.138433515482696,88.67071647115654,TREML1;CA1;ALAS2;SPARC;ITGB3;TUBB1;GMPR;HBB;PPBP;SNCA,0.0003206573321104909
Drug_Perturbations_from_GEO_down,cisplatin DB00515 mouse GSE6206 sample 3412,4.761981117134827e-06,6.998570918185066,85.76641424793763,SPARC;CTTN;CALD1;TPM2;TGFB1I1;TPM1;RBPMS2;MYL9;GNG11;F3,0.00034095784798685356
DSigDB,Tamibarotene CTD 00002527,7.340935324000451e-07,5.781310006400683,81.65886121819457,HLA-DRB5;CIITA;STAT1;MX2;ISG15;IFI35;IFIT3;PSMB9;OAS1;OAS2;IRF7;PSME2;IRF9;LY6E,4.9918360203203065e-05
Drug_Perturbations_from_GEO_up,Interferon beta-1b DB00068 human GSE26104 sample 3185,6.57649237919664e-06,6.734434124527004,80.35532877119226,ALAS2;HBG2;MMRN1;DHRS9;CA2;TUBB1;GMPR;HBB;WASF3;PF4V1,0.0003929454196569992
Drug_Perturbations_from_GEO_up,tibolone 444008 human GSE12446 sample 3204,1.383452969410151e-05,6.98070993754447,78.10257674049855,SPARC;COL6A3;WFDC1;F13A1;CEL;OLFM4;GNG11;F3;PTGS1,0.0006612905193780521
Drug_Perturbations_from_GEO_down,formaldehyde 712 rat GSE7002 sample 3543,1.383452969410151e-05,6.98070993754447,78.10257674049855,DHRS9;TPM2;GJB6;MALL;TPM1;LCN2;RAB6B;PVALB;NRGN,0.0009005021146342438
Drug_Perturbations_from_GEO_up,decitabine 451668 mouse GSE4768 sample 3105,1.383452969410151e-05,6.98070993754447,78.10257674049855,SERPINE2;CCL7;CALD1;TPM2;TPM1;PPBP;TFPI;MYL9;GNG11,0.0006612905193780521
Drug_Perturbations_from_GEO_down,hydrocortisone DB00741 human GSE7890 sample 2751,1.7205763449939056e-05,6.782678859601937,74.40779227250663,SPARC;TMEM158;SERPINE2;TPM2;TPM1;FHL2;COL6A3;MYL9;F3,0.0010266105525130302
Drug_Perturbations_from_GEO_up,azathioprine DB00993 human GSE38713 sample 3194,1.3282254544728465e-05,6.188350743906299,69.48949583408789,CA1;SPARC;TMEM158;CA2;PROS1;COL6A3;HBB;CMTM2;MMP9;F3,0.0006612905193780521
Drug_Perturbations_from_GEO_down,cisplatin DB00515 mouse GSE6206 sample 2692,2.3563867832652767e-05,6.50556825724611,69.32200849425116,SPARC;CALD1;TPM2;TGFB1I1;TPM1;RBPMS2;MYL9;GNG11;F3,0.0012978253360137987
Drug_Perturbations_from_GEO_up,adenosine triphosphate 5957 human GSE30903 sample 3219,4.729338103393905e-05,6.807205958773602,67.79391856894796,CA1;HBG2;CA2;HBB;PPBP;TFPI;GNG11;MMP9,0.0019946678941961354
Drug_Perturbations_from_GEO_down,resveratrol DB02709 human GSE41168 sample 3495,2.6749370789532762e-05,6.3965836144053965,67.34962636084516,PPP1R14A;HBG2;MYEOV;FHL2;HBB;F13A1;PPBP;PLTP;F3,0.00136803924895039
Drug_Perturbations_from_GEO_down,mycophenolic acid DB01024 human GSE14630 sample 3302,4.992797390274785e-05,6.752706650627256,66.88508069555189,HBG2;CCL7;HBB;F13A1;PPBP;GNG11;PF4;NRGN,0.002102848783198086
Drug_Perturbations_from_GEO_up,Atarax DB00557 human GSE31773 sample 2485,2.812225036464073e-05,6.353990272023059,66.58314297454099,TCN1;CYP4F3;LCN2;BPI;OLFM4;MMP8;MMP9;PF4V1;LTF,0.0012602283444654628
Drug_Perturbations_from_GEO_down,Mepenzolate DB04843 mouse GSE50836 sample 2530,3.0293569458237075e-05,6.291137433994577,65.45661187800887,GP9;ITGA2B;TUBB1;FHL2;ALOX12;PPBP;CLEC1B;LTF;NRGN,0.0014460130488065165
Drug_Perturbations_from_GEO_down,alfacalcidol 5282181 human GSE15947 sample 3364,3.591975885122436e-05,6.149136577708006,62.931635166196415,SPARC;PROS1;GJB6;TGFB1I1;PDZK1IP1;MYL9;GNG11;F3;PRTFDC1,0.0016074092085922899
Drug_Perturbations_from_GEO_down,rosiglitazone DB00412 mouse GSE35011 sample 3267,6.501032341452429e-05,6.492643412134237,62.59534451066432,SPARC;SERPINE2;CALD1;TPM2;TPM1;COL6A3;MYL9;F3,0.0025859661980444106
DSigDB,testosterone enanthate CTD 00000155,1.4154707679569649e-05,5.072151456988309,56.632920899415424,RSAD2;OAS2;STAT1;MX2;MX1;IFI6;ISG15;GBP1;IFI44L;IFIT3;IRF9;IDO1,0.0007820475992962231
Drug_Perturbations_from_GEO_down,rosiglitazone DB00412 mouse GSE35011 sample 2813,0.00010415994175561635,6.049337033610854,55.46989765375972,SPARC;SERPINE2;CALD1;TPM2;TPM1;LCN2;MYL9;F3,0.0039044921045493963
Drug_Perturbations_from_GEO_up,SODIUM ARSENITE 443495 mouse GSE11056 sample 3359,0.00010922565475606062,6.006123698714023,54.78842849039631,TREML1;GJB6;TMEM40;ALOX12;MMP8;PGLYRP1;MMP9;NRGN,0.004121831287373446
Drug_Perturbations_from_GEO_up,pimecrolimus DB00337 human GSE32473 sample 2574,6.52172407710723e-05,5.672746608230479,54.67272178481183,SPARC;SERPINE2;GJB6;MALL;COL6A3;HBB;F13A1;C19ORF33;PLTP,0.0025978200907143803
Drug_Perturbations_from_GEO_down,cocaine 446220 human GSE54839 sample 2472,0.00011449373386782534,5.963514746123442,54.11883944412407,RAB3C;PPP1R14A;SPARC;CA2;GJB6;HBB;RAB6B;PVALB,0.0039044921045493963
Drug_Perturbations_from_GEO_up,SODIUM ARSENITE 443495 mouse GSE11056 sample 3355,0.00013771665566980742,5.798876072167998,51.55381871003133,LCN2;F13A1;OLFM4;MMP8;PGLYRP1;MMP9;CD177;LTF,0.004802965358978373
DSigDB,Tetradioxin CTD 00006848,9.629771726072621e-05,2.331987059284139,21.566370104578407,FGL2;IFI6;SECTM1;IFIT1;IFI44L;IFIT3;LGALS2;RASSF4;LAMP3;BLNK;CASP1;GBP1;GBP4;CCR2;GBP5;RSAD2;STAT1;MX1;MYOF;ISG15;PSMB9;P2RX7;CXCL10;FAM111A;FCHSD2;OAS1;OAS2;POU2AF1;OAS3;IRF7;UTS2;SERPING1;TGFBI;IRF9;IDO1,0.00437282304577448
DSigDB,Retinoic acid CTD 00006918,9.893264809444524e-05,2.277327625745299,20.99940032308113,SAMD9L;CIITA;IFI6;CACNA1A;UBE2L6;IFI35;IFIT1;IFIT3;FGD2;RPH3A;RASSF4;LAMP3;FAM198B;BLNK;CASP1;SMCO4;CCR2;CD52;STAT1;MX2;STAT2;MYOF;ISG15;PAX5;PSMB9;FAM111A;FCER2;OAS1;OAS2;POU2AF1;IRF7;PSME2;SERPING1;CCSER1;TGFBI;XAF1;IRF9;LY6E,0.00437282304577448
